id,utm_easting,utm_northing,canopy_top_m,canopy_radius_m,provenance
tree_001,681524.39,1191664.4,23.89,2.5,"green in own ortho, above local DSM minimum; radius from canopy distance transform"
tree_002,681524.14,1191664.15,23.88,2.5,"green in own ortho, above local DSM minimum; radius from canopy distance transform"
tree_003,681524.39,1191664.15,23.87,2.5,"green in own ortho, above local DSM minimum; radius from canopy distance transform"
tree_004,681534.89,1191660.9,9.99,5.27,"green in own ortho, above local DSM minimum; radius from canopy distance transform"
tree_005,681529.64,1191657.15,10.9,5.5,"green in own ortho, above local DSM minimum; radius from canopy distance transform"
tree_006,681511.64,1191654.9,21.35,4.26,"green in own ortho, above local DSM minimum; radius from canopy distance transform"
tree_007,681511.64,1191654.65,15.64,4.26,"green in own ortho, above local DSM minimum; radius from canopy distance transform"
tree_008,681511.89,1191654.4,12.41,4.26,"green in own ortho, above local DSM minimum; radius from canopy distance transform"
tree_009,681515.14,1191649.15,10.22,5.7,"green in own ortho, above local DSM minimum; radius from canopy distance transform"
tree_010,681494.64,1191638.9,18.91,6.0,"green in own ortho, above local DSM minimum; radius from canopy distance transform"
tree_011,681494.64,1191638.65,18.91,6.0,"green in own ortho, above local DSM minimum; radius from canopy distance transform"
tree_012,681553.89,1191630.4,19.19,5.0,"green in own ortho, above local DSM minimum; radius from canopy distance transform"
tree_013,681545.64,1191626.15,21.26,5.32,"green in own ortho, above local DSM minimum; radius from canopy distance transform"
tree_014,681493.64,1191622.4,17.58,7.7,"green in own ortho, above local DSM minimum; radius from canopy distance transform"
tree_015,681493.89,1191622.4,17.58,7.7,"green in own ortho, above local DSM minimum; radius from canopy distance transform"
tree_016,681535.64,1191621.15,18.97,5.32,"green in own ortho, above local DSM minimum; radius from canopy distance transform"
tree_017,681470.64,1191617.15,14.14,1.25,"green in own ortho, above local DSM minimum; radius from canopy distance transform"
tree_018,681470.89,1191617.15,14.14,1.25,"green in own ortho, above local DSM minimum; radius from canopy distance transform"
tree_019,681471.14,1191617.15,14.14,1.25,"green in own ortho, above local DSM minimum; radius from canopy distance transform"
tree_020,681471.39,1191617.15,14.14,1.25,"green in own ortho, above local DSM minimum; radius from canopy distance transform"
tree_021,681471.64,1191617.15,14.14,1.25,"green in own ortho, above local DSM minimum; radius from canopy distance transform"
tree_022,681470.64,1191616.9,14.14,1.25,"green in own ortho, above local DSM minimum; radius from canopy distance transform"
tree_023,681470.89,1191616.9,14.14,1.25,"green in own ortho, above local DSM minimum; radius from canopy distance transform"
tree_024,681471.14,1191616.9,14.14,1.25,"green in own ortho, above local DSM minimum; radius from canopy distance transform"
tree_025,681591.14,1191614.9,14.41,7.5,"green in own ortho, above local DSM minimum; radius from canopy distance transform"
tree_026,681520.64,1191614.15,19.46,4.96,"green in own ortho, above local DSM minimum; radius from canopy distance transform"
tree_027,681580.14,1191612.4,17.42,7.25,"green in own ortho, above local DSM minimum; radius from canopy distance transform"
tree_028,681582.89,1191611.9,17.31,7.2,"green in own ortho, above local DSM minimum; radius from canopy distance transform"
tree_029,681514.89,1191610.9,20.53,5.0,"green in own ortho, above local DSM minimum; radius from canopy distance transform"
tree_030,681466.89,1191609.15,7.42,2.46,"green in own ortho, above local DSM minimum; radius from canopy distance transform"
tree_031,681468.39,1191606.4,7.73,2.46,"green in own ortho, above local DSM minimum; radius from canopy distance transform"
tree_032,681554.89,1191602.9,20.55,4.83,"green in own ortho, above local DSM minimum; radius from canopy distance transform"
tree_033,681449.89,1191599.9,17.0,5.27,"green in own ortho, above local DSM minimum; radius from canopy distance transform"
tree_034,681546.14,1191598.4,20.5,4.07,"green in own ortho, above local DSM minimum; radius from canopy distance transform"
tree_035,681560.89,1191598.4,17.75,4.04,"green in own ortho, above local DSM minimum; radius from canopy distance transform"
tree_036,681571.39,1191598.4,16.42,5.06,"green in own ortho, above local DSM minimum; radius from canopy distance transform"
tree_037,681545.64,1191598.15,20.52,4.07,"green in own ortho, above local DSM minimum; radius from canopy distance transform"
tree_038,681545.89,1191598.15,20.5,4.07,"green in own ortho, above local DSM minimum; radius from canopy distance transform"
tree_039,681545.39,1191597.9,20.52,4.07,"green in own ortho, above local DSM minimum; radius from canopy distance transform"
tree_040,681596.39,1191595.4,8.79,3.25,"green in own ortho, above local DSM minimum; radius from canopy distance transform"
tree_041,681561.64,1191592.65,18.08,5.55,"green in own ortho, above local DSM minimum; radius from canopy distance transform"
tree_042,681539.39,1191591.15,17.04,5.25,"green in own ortho, above local DSM minimum; radius from canopy distance transform"
tree_043,681552.14,1191587.9,18.25,5.52,"green in own ortho, above local DSM minimum; radius from canopy distance transform"
tree_044,681525.89,1191585.15,15.96,5.15,"green in own ortho, above local DSM minimum; radius from canopy distance transform"
tree_045,681525.89,1191584.9,16.3,5.15,"green in own ortho, above local DSM minimum; radius from canopy distance transform"
tree_046,681543.39,1191579.15,16.47,7.46,"green in own ortho, above local DSM minimum; radius from canopy distance transform"
tree_047,681543.39,1191578.9,16.1,7.46,"green in own ortho, above local DSM minimum; radius from canopy distance transform"
tree_048,681533.89,1191575.15,20.24,7.08,"green in own ortho, above local DSM minimum; radius from canopy distance transform"
tree_049,681608.14,1191574.4,10.43,3.91,"green in own ortho, above local DSM minimum; radius from canopy distance transform"
tree_050,681505.64,1191569.65,14.54,4.28,"green in own ortho, above local DSM minimum; radius from canopy distance transform"
tree_051,681506.14,1191569.4,14.54,4.28,"green in own ortho, above local DSM minimum; radius from canopy distance transform"
tree_052,681592.64,1191565.15,7.55,2.0,"green in own ortho, above local DSM minimum; radius from canopy distance transform"
tree_053,681592.64,1191564.9,7.51,2.0,"green in own ortho, above local DSM minimum; radius from canopy distance transform"
tree_054,681612.89,1191564.9,9.91,4.16,"green in own ortho, above local DSM minimum; radius from canopy distance transform"
tree_055,681580.39,1191558.15,8.89,4.16,"green in own ortho, above local DSM minimum; radius from canopy distance transform"
tree_056,681484.14,1191557.9,13.95,1.9,"green in own ortho, above local DSM minimum; radius from canopy distance transform"
tree_057,681488.89,1191557.15,13.72,1.35,"green in own ortho, above local DSM minimum; radius from canopy distance transform"
tree_058,681489.14,1191557.15,13.63,1.35,"green in own ortho, above local DSM minimum; radius from canopy distance transform"
tree_059,681623.14,1191543.15,14.64,3.64,"green in own ortho, above local DSM minimum; radius from canopy distance transform"
tree_060,681457.64,1191542.15,17.69,5.81,"green in own ortho, above local DSM minimum; radius from canopy distance transform"
tree_061,681567.89,1191541.4,16.35,8.73,"green in own ortho, above local DSM minimum; radius from canopy distance transform"
tree_062,681447.64,1191537.65,18.24,6.39,"green in own ortho, above local DSM minimum; radius from canopy distance transform"
tree_063,681444.14,1191534.65,17.89,6.05,"green in own ortho, above local DSM minimum; radius from canopy distance transform"
tree_064,681442.64,1191529.4,17.08,6.0,"green in own ortho, above local DSM minimum; radius from canopy distance transform"
tree_065,681546.89,1191527.65,10.35,2.15,"green in own ortho, above local DSM minimum; radius from canopy distance transform"
tree_066,681417.89,1191526.65,9.0,2.5,"green in own ortho, above local DSM minimum; radius from canopy distance transform"
tree_067,681429.89,1191525.15,5.49,2.24,"green in own ortho, above local DSM minimum; radius from canopy distance transform"
tree_068,681430.14,1191525.15,5.47,2.24,"green in own ortho, above local DSM minimum; radius from canopy distance transform"
tree_069,681448.39,1191522.9,16.55,6.02,"green in own ortho, above local DSM minimum; radius from canopy distance transform"
tree_070,681420.64,1191521.4,9.51,3.34,"green in own ortho, above local DSM minimum; radius from canopy distance transform"
tree_071,681550.89,1191520.9,10.53,3.4,"green in own ortho, above local DSM minimum; radius from canopy distance transform"
tree_072,681551.14,1191520.4,10.53,3.4,"green in own ortho, above local DSM minimum; radius from canopy distance transform"
tree_073,681552.14,1191518.65,10.51,3.4,"green in own ortho, above local DSM minimum; radius from canopy distance transform"
tree_074,681491.14,1191516.65,12.14,4.47,"green in own ortho, above local DSM minimum; radius from canopy distance transform"
tree_075,681491.39,1191516.65,12.14,4.47,"green in own ortho, above local DSM minimum; radius from canopy distance transform"
tree_076,681392.39,1191516.15,10.75,3.48,"green in own ortho, above local DSM minimum; radius from canopy distance transform"
tree_077,681454.64,1191516.15,13.71,2.24,"green in own ortho, above local DSM minimum; radius from canopy distance transform"
tree_078,681454.89,1191516.15,13.56,2.24,"green in own ortho, above local DSM minimum; radius from canopy distance transform"
tree_079,681454.89,1191515.9,13.36,2.24,"green in own ortho, above local DSM minimum; radius from canopy distance transform"
tree_080,681476.14,1191514.4,8.62,2.5,"green in own ortho, above local DSM minimum; radius from canopy distance transform"
tree_081,681426.39,1191513.15,9.57,3.25,"green in own ortho, above local DSM minimum; radius from canopy distance transform"
tree_082,681448.64,1191512.4,10.77,2.24,"green in own ortho, above local DSM minimum; radius from canopy distance transform"
tree_083,681383.39,1191509.4,9.3,4.25,"green in own ortho, above local DSM minimum; radius from canopy distance transform"
tree_084,681504.39,1191507.65,6.05,2.5,"green in own ortho, above local DSM minimum; radius from canopy distance transform"
tree_085,681504.39,1191507.4,6.05,2.5,"green in own ortho, above local DSM minimum; radius from canopy distance transform"
tree_086,681451.64,1191503.4,6.25,2.66,"green in own ortho, above local DSM minimum; radius from canopy distance transform"
tree_087,681481.39,1191502.9,5.67,1.9,"green in own ortho, above local DSM minimum; radius from canopy distance transform"
tree_088,681481.64,1191502.9,5.67,1.9,"green in own ortho, above local DSM minimum; radius from canopy distance transform"
tree_089,681526.14,1191501.65,17.21,8.4,"green in own ortho, above local DSM minimum; radius from canopy distance transform"
tree_090,681372.14,1191501.15,16.71,4.1,"green in own ortho, above local DSM minimum; radius from canopy distance transform"
tree_091,681519.64,1191497.4,14.01,6.4,"green in own ortho, above local DSM minimum; radius from canopy distance transform"
tree_092,681458.64,1191493.15,7.85,2.24,"green in own ortho, above local DSM minimum; radius from canopy distance transform"
tree_093,681449.39,1191492.4,10.11,3.75,"green in own ortho, above local DSM minimum; radius from canopy distance transform"
tree_094,681487.89,1191492.4,6.83,1.68,"green in own ortho, above local DSM minimum; radius from canopy distance transform"
tree_095,681487.89,1191492.15,6.83,1.68,"green in own ortho, above local DSM minimum; radius from canopy distance transform"
tree_096,681500.89,1191491.65,12.9,3.69,"green in own ortho, above local DSM minimum; radius from canopy distance transform"
tree_097,681480.14,1191491.4,6.36,2.3,"green in own ortho, above local DSM minimum; radius from canopy distance transform"
tree_098,681539.64,1191490.15,16.46,4.3,"green in own ortho, above local DSM minimum; radius from canopy distance transform"
tree_099,681460.39,1191488.15,8.02,2.14,"green in own ortho, above local DSM minimum; radius from canopy distance transform"
tree_100,681503.39,1191486.9,12.66,1.8,"green in own ortho, above local DSM minimum; radius from canopy distance transform"
tree_101,681612.39,1191486.65,8.62,2.5,"green in own ortho, above local DSM minimum; radius from canopy distance transform"
tree_102,681577.14,1191485.65,15.49,6.75,"green in own ortho, above local DSM minimum; radius from canopy distance transform"
tree_103,681468.14,1191485.4,8.04,2.3,"green in own ortho, above local DSM minimum; radius from canopy distance transform"
tree_104,681577.14,1191485.4,15.49,6.75,"green in own ortho, above local DSM minimum; radius from canopy distance transform"
tree_105,681606.39,1191483.4,10.05,3.75,"green in own ortho, above local DSM minimum; radius from canopy distance transform"
tree_106,681489.14,1191482.4,15.43,2.37,"green in own ortho, above local DSM minimum; radius from canopy distance transform"
tree_107,681371.39,1191481.65,10.35,3.72,"green in own ortho, above local DSM minimum; radius from canopy distance transform"
tree_108,681453.89,1191479.65,13.14,5.3,"green in own ortho, above local DSM minimum; radius from canopy distance transform"
tree_109,681596.64,1191477.4,12.08,3.58,"green in own ortho, above local DSM minimum; radius from canopy distance transform"
tree_110,681596.89,1191477.4,12.08,3.58,"green in own ortho, above local DSM minimum; radius from canopy distance transform"
tree_111,681557.64,1191477.15,10.63,3.5,"green in own ortho, above local DSM minimum; radius from canopy distance transform"
tree_112,681557.89,1191477.15,10.63,3.5,"green in own ortho, above local DSM minimum; radius from canopy distance transform"
tree_113,681558.14,1191477.15,10.63,3.5,"green in own ortho, above local DSM minimum; radius from canopy distance transform"
tree_114,681476.89,1191476.9,20.01,5.76,"green in own ortho, above local DSM minimum; radius from canopy distance transform"
tree_115,681476.89,1191476.65,19.91,5.76,"green in own ortho, above local DSM minimum; radius from canopy distance transform"
tree_116,681542.89,1191474.65,13.78,6.56,"green in own ortho, above local DSM minimum; radius from canopy distance transform"
tree_117,681511.14,1191474.15,10.36,6.0,"green in own ortho, above local DSM minimum; radius from canopy distance transform"
tree_118,681529.89,1191471.65,14.02,5.0,"green in own ortho, above local DSM minimum; radius from canopy distance transform"
tree_119,681488.39,1191471.4,20.58,5.25,"green in own ortho, above local DSM minimum; radius from canopy distance transform"
tree_120,681399.89,1191469.65,15.43,5.25,"green in own ortho, above local DSM minimum; radius from canopy distance transform"
tree_121,681400.14,1191469.65,15.43,5.25,"green in own ortho, above local DSM minimum; radius from canopy distance transform"
tree_122,681392.39,1191468.65,15.01,4.96,"green in own ortho, above local DSM minimum; radius from canopy distance transform"
tree_123,681526.39,1191468.65,16.66,5.39,"green in own ortho, above local DSM minimum; radius from canopy distance transform"
tree_124,681583.64,1191467.9,17.17,3.91,"green in own ortho, above local DSM minimum; radius from canopy distance transform"
tree_125,681464.39,1191466.4,13.18,7.29,"green in own ortho, above local DSM minimum; radius from canopy distance transform"
tree_126,681575.64,1191466.4,14.45,3.58,"green in own ortho, above local DSM minimum; radius from canopy distance transform"
tree_127,681512.64,1191466.15,11.12,8.07,"green in own ortho, above local DSM minimum; radius from canopy distance transform"
tree_128,681387.89,1191465.15,14.35,5.76,"green in own ortho, above local DSM minimum; radius from canopy distance transform"
tree_129,681536.64,1191464.15,11.91,2.8,"green in own ortho, above local DSM minimum; radius from canopy distance transform"
tree_130,681622.64,1191462.65,19.41,3.35,"green in own ortho, above local DSM minimum; radius from canopy distance transform"
tree_131,681622.64,1191462.4,19.41,3.35,"green in own ortho, above local DSM minimum; radius from canopy distance transform"
tree_132,681455.14,1191462.15,13.67,5.84,"green in own ortho, above local DSM minimum; radius from canopy distance transform"
tree_133,681532.14,1191462.15,14.64,2.55,"green in own ortho, above local DSM minimum; radius from canopy distance transform"
tree_134,681454.89,1191461.9,13.67,5.84,"green in own ortho, above local DSM minimum; radius from canopy distance transform"
tree_135,681454.64,1191461.65,13.67,5.84,"green in own ortho, above local DSM minimum; radius from canopy distance transform"
tree_136,681480.89,1191461.4,11.67,2.76,"green in own ortho, above local DSM minimum; radius from canopy distance transform"
tree_137,681635.64,1191460.65,19.42,4.75,"green in own ortho, above local DSM minimum; radius from canopy distance transform"
tree_138,681635.89,1191460.65,19.4,4.75,"green in own ortho, above local DSM minimum; radius from canopy distance transform"
tree_139,681636.14,1191460.65,19.36,4.75,"green in own ortho, above local DSM minimum; radius from canopy distance transform"
tree_140,681636.39,1191460.65,19.33,4.75,"green in own ortho, above local DSM minimum; radius from canopy distance transform"
tree_141,681636.64,1191460.65,19.31,4.75,"green in own ortho, above local DSM minimum; radius from canopy distance transform"
tree_142,681636.89,1191460.65,19.3,4.75,"green in own ortho, above local DSM minimum; radius from canopy distance transform"
tree_143,681507.64,1191460.4,18.94,7.15,"green in own ortho, above local DSM minimum; radius from canopy distance transform"
tree_144,681639.89,1191460.4,20.17,5.0,"green in own ortho, above local DSM minimum; radius from canopy distance transform"
tree_145,681444.89,1191457.15,15.36,7.16,"green in own ortho, above local DSM minimum; radius from canopy distance transform"
tree_146,681643.14,1191455.9,20.34,5.5,"green in own ortho, above local DSM minimum; radius from canopy distance transform"
tree_147,681643.14,1191455.65,20.34,5.5,"green in own ortho, above local DSM minimum; radius from canopy distance transform"
tree_148,681616.14,1191453.65,18.56,4.51,"green in own ortho, above local DSM minimum; radius from canopy distance transform"
tree_149,681605.39,1191452.9,17.81,2.25,"green in own ortho, above local DSM minimum; radius from canopy distance transform"
tree_150,681629.14,1191452.65,17.94,1.25,"green in own ortho, above local DSM minimum; radius from canopy distance transform"
tree_151,681428.64,1191452.4,8.96,2.0,"green in own ortho, above local DSM minimum; radius from canopy distance transform"
tree_152,681428.64,1191452.15,8.96,2.0,"green in own ortho, above local DSM minimum; radius from canopy distance transform"
tree_153,681467.64,1191452.15,17.39,3.35,"green in own ortho, above local DSM minimum; radius from canopy distance transform"
tree_154,681428.64,1191451.9,8.96,2.0,"green in own ortho, above local DSM minimum; radius from canopy distance transform"
tree_155,681623.64,1191451.65,17.8,1.75,"green in own ortho, above local DSM minimum; radius from canopy distance transform"
tree_156,681462.39,1191451.4,14.44,3.35,"green in own ortho, above local DSM minimum; radius from canopy distance transform"
tree_157,681370.89,1191448.9,17.97,5.62,"green in own ortho, above local DSM minimum; radius from canopy distance transform"
tree_158,681361.14,1191448.15,13.31,2.5,"green in own ortho, above local DSM minimum; radius from canopy distance transform"
tree_159,681554.39,1191447.15,16.68,7.0,"green in own ortho, above local DSM minimum; radius from canopy distance transform"
tree_160,681521.39,1191446.15,12.19,2.69,"green in own ortho, above local DSM minimum; radius from canopy distance transform"
tree_161,681608.14,1191445.9,19.21,3.91,"green in own ortho, above local DSM minimum; radius from canopy distance transform"
tree_162,681446.89,1191444.9,16.72,3.13,"green in own ortho, above local DSM minimum; radius from canopy distance transform"
tree_163,681446.89,1191444.65,16.61,3.13,"green in own ortho, above local DSM minimum; radius from canopy distance transform"
tree_164,681412.39,1191444.15,12.1,4.27,"green in own ortho, above local DSM minimum; radius from canopy distance transform"
tree_165,681412.64,1191444.15,12.1,4.27,"green in own ortho, above local DSM minimum; radius from canopy distance transform"
tree_166,681350.39,1191443.9,23.86,3.72,"green in own ortho, above local DSM minimum; radius from canopy distance transform"
tree_167,681349.89,1191443.65,24.34,3.72,"green in own ortho, above local DSM minimum; radius from canopy distance transform"
tree_168,681350.14,1191443.65,24.28,3.72,"green in own ortho, above local DSM minimum; radius from canopy distance transform"
tree_169,681472.64,1191443.65,9.78,4.3,"green in own ortho, above local DSM minimum; radius from canopy distance transform"
tree_170,681349.89,1191443.4,24.44,3.72,"green in own ortho, above local DSM minimum; radius from canopy distance transform"
tree_171,681591.14,1191441.65,21.8,5.02,"green in own ortho, above local DSM minimum; radius from canopy distance transform"
tree_172,681538.64,1191439.65,18.56,8.86,"green in own ortho, above local DSM minimum; radius from canopy distance transform"
tree_173,681628.64,1191439.65,28.19,7.76,"green in own ortho, above local DSM minimum; radius from canopy distance transform"
tree_174,681614.89,1191436.65,20.43,4.03,"green in own ortho, above local DSM minimum; radius from canopy distance transform"
tree_175,681420.89,1191436.4,16.13,4.92,"green in own ortho, above local DSM minimum; radius from canopy distance transform"
tree_176,681400.89,1191435.4,13.59,5.0,"green in own ortho, above local DSM minimum; radius from canopy distance transform"
tree_177,681618.39,1191435.4,20.26,4.5,"green in own ortho, above local DSM minimum; radius from canopy distance transform"
tree_178,681618.64,1191435.4,20.26,4.5,"green in own ortho, above local DSM minimum; radius from canopy distance transform"
tree_179,681573.39,1191434.4,19.65,3.75,"green in own ortho, above local DSM minimum; radius from canopy distance transform"
tree_180,681390.14,1191432.65,10.89,2.0,"green in own ortho, above local DSM minimum; radius from canopy distance transform"
tree_181,681390.14,1191432.4,10.98,2.0,"green in own ortho, above local DSM minimum; radius from canopy distance transform"
tree_182,681390.14,1191432.15,11.28,2.0,"green in own ortho, above local DSM minimum; radius from canopy distance transform"
tree_183,681608.89,1191432.15,21.53,5.0,"green in own ortho, above local DSM minimum; radius from canopy distance transform"
tree_184,681390.14,1191431.9,11.84,2.0,"green in own ortho, above local DSM minimum; radius from canopy distance transform"
tree_185,681390.14,1191431.65,13.56,2.0,"green in own ortho, above local DSM minimum; radius from canopy distance transform"
tree_186,681390.14,1191431.4,13.97,2.0,"green in own ortho, above local DSM minimum; radius from canopy distance transform"
tree_187,681390.14,1191431.15,14.14,2.0,"green in own ortho, above local DSM minimum; radius from canopy distance transform"
tree_188,681489.14,1191430.65,19.08,2.5,"green in own ortho, above local DSM minimum; radius from canopy distance transform"
tree_189,681436.89,1191428.4,15.61,4.72,"green in own ortho, above local DSM minimum; radius from canopy distance transform"
tree_190,681405.14,1191427.9,15.48,6.05,"green in own ortho, above local DSM minimum; radius from canopy distance transform"
tree_191,681617.89,1191427.9,21.12,3.5,"green in own ortho, above local DSM minimum; radius from canopy distance transform"
tree_192,681427.39,1191427.65,16.93,6.36,"green in own ortho, above local DSM minimum; radius from canopy distance transform"
tree_193,681617.89,1191427.65,21.12,3.5,"green in own ortho, above local DSM minimum; radius from canopy distance transform"
tree_194,681581.39,1191427.4,22.28,3.75,"green in own ortho, above local DSM minimum; radius from canopy distance transform"
tree_195,681617.89,1191427.4,21.12,3.5,"green in own ortho, above local DSM minimum; radius from canopy distance transform"
tree_196,681581.14,1191427.15,22.28,3.75,"green in own ortho, above local DSM minimum; radius from canopy distance transform"
tree_197,681581.39,1191427.15,22.28,3.75,"green in own ortho, above local DSM minimum; radius from canopy distance transform"
tree_198,681617.89,1191427.15,21.12,3.5,"green in own ortho, above local DSM minimum; radius from canopy distance transform"
tree_199,681617.89,1191426.9,21.12,3.5,"green in own ortho, above local DSM minimum; radius from canopy distance transform"
tree_200,681493.64,1191426.4,20.6,4.03,"green in own ortho, above local DSM minimum; radius from canopy distance transform"
tree_201,681555.64,1191426.4,16.48,2.15,"green in own ortho, above local DSM minimum; radius from canopy distance transform"
tree_202,681642.89,1191426.15,27.56,5.02,"green in own ortho, above local DSM minimum; radius from canopy distance transform"
tree_203,681379.39,1191424.65,17.06,7.89,"green in own ortho, above local DSM minimum; radius from canopy distance transform"
tree_204,681522.39,1191423.9,18.84,1.77,"green in own ortho, above local DSM minimum; radius from canopy distance transform"
tree_205,681522.64,1191423.9,18.82,1.77,"green in own ortho, above local DSM minimum; radius from canopy distance transform"
tree_206,681571.89,1191423.9,18.19,4.03,"green in own ortho, above local DSM minimum; radius from canopy distance transform"
tree_207,681336.14,1191422.65,32.77,2.26,"green in own ortho, above local DSM minimum; radius from canopy distance transform"
tree_208,681567.39,1191421.15,20.08,3.29,"green in own ortho, above local DSM minimum; radius from canopy distance transform"
tree_209,681636.89,1191420.9,26.15,6.1,"green in own ortho, above local DSM minimum; radius from canopy distance transform"
tree_210,681384.14,1191420.65,17.45,7.16,"green in own ortho, above local DSM minimum; radius from canopy distance transform"
tree_211,681427.64,1191420.4,16.85,4.32,"green in own ortho, above local DSM minimum; radius from canopy distance transform"
tree_212,681427.89,1191420.4,16.85,4.32,"green in own ortho, above local DSM minimum; radius from canopy distance transform"
tree_213,681613.64,1191420.4,21.12,3.76,"green in own ortho, above local DSM minimum; radius from canopy distance transform"
tree_214,681368.64,1191420.15,19.04,5.76,"green in own ortho, above local DSM minimum; radius from canopy distance transform"
tree_215,681427.64,1191420.15,16.84,4.32,"green in own ortho, above local DSM minimum; radius from canopy distance transform"
tree_216,681398.39,1191416.15,11.65,1.8,"green in own ortho, above local DSM minimum; radius from canopy distance transform"
tree_217,681412.64,1191415.15,15.08,5.25,"green in own ortho, above local DSM minimum; radius from canopy distance transform"
tree_218,681554.64,1191414.9,13.3,2.85,"green in own ortho, above local DSM minimum; radius from canopy distance transform"
tree_219,681526.64,1191414.65,18.73,3.05,"green in own ortho, above local DSM minimum; radius from canopy distance transform"
tree_220,681554.39,1191414.65,13.29,2.85,"green in own ortho, above local DSM minimum; radius from canopy distance transform"
tree_221,681345.14,1191413.9,12.51,6.52,"green in own ortho, above local DSM minimum; radius from canopy distance transform"
tree_222,681424.64,1191413.15,12.69,2.76,"green in own ortho, above local DSM minimum; radius from canopy distance transform"
tree_223,681619.89,1191413.15,25.15,1.25,"green in own ortho, above local DSM minimum; radius from canopy distance transform"
tree_224,681365.39,1191412.65,19.9,5.76,"green in own ortho, above local DSM minimum; radius from canopy distance transform"
tree_225,681424.39,1191412.65,12.59,2.76,"green in own ortho, above local DSM minimum; radius from canopy distance transform"
tree_226,681446.64,1191411.9,13.67,2.46,"green in own ortho, above local DSM minimum; radius from canopy distance transform"
tree_227,681628.64,1191410.65,27.13,6.41,"green in own ortho, above local DSM minimum; radius from canopy distance transform"
tree_228,681628.64,1191410.4,27.13,6.41,"green in own ortho, above local DSM minimum; radius from canopy distance transform"
tree_229,681521.39,1191409.9,19.66,3.02,"green in own ortho, above local DSM minimum; radius from canopy distance transform"
tree_230,681331.89,1191409.15,6.07,1.25,"green in own ortho, above local DSM minimum; radius from canopy distance transform"
tree_231,681332.14,1191408.9,6.07,1.25,"green in own ortho, above local DSM minimum; radius from canopy distance transform"
tree_232,681545.64,1191408.9,13.5,3.25,"green in own ortho, above local DSM minimum; radius from canopy distance transform"
tree_233,681332.14,1191408.65,6.13,1.25,"green in own ortho, above local DSM minimum; radius from canopy distance transform"
tree_234,681332.39,1191408.65,6.09,1.25,"green in own ortho, above local DSM minimum; radius from canopy distance transform"
tree_235,681332.39,1191408.4,6.15,1.25,"green in own ortho, above local DSM minimum; radius from canopy distance transform"
tree_236,681332.39,1191408.15,6.25,1.25,"green in own ortho, above local DSM minimum; radius from canopy distance transform"
tree_237,681415.14,1191407.9,15.02,5.81,"green in own ortho, above local DSM minimum; radius from canopy distance transform"
tree_238,681545.89,1191405.15,13.28,3.04,"green in own ortho, above local DSM minimum; radius from canopy distance transform"
tree_239,681515.39,1191403.4,14.48,5.06,"green in own ortho, above local DSM minimum; radius from canopy distance transform"
tree_240,681408.89,1191402.65,14.36,5.06,"green in own ortho, above local DSM minimum; radius from canopy distance transform"
tree_241,681452.14,1191402.15,13.85,2.36,"green in own ortho, above local DSM minimum; radius from canopy distance transform"
tree_242,681620.89,1191400.9,26.03,5.75,"green in own ortho, above local DSM minimum; radius from canopy distance transform"
tree_243,681338.89,1191398.65,13.5,5.51,"green in own ortho, above local DSM minimum; radius from canopy distance transform"
tree_244,681519.14,1191398.4,12.52,5.26,"green in own ortho, above local DSM minimum; radius from canopy distance transform"
tree_245,681454.39,1191398.15,13.91,2.3,"green in own ortho, above local DSM minimum; radius from canopy distance transform"
tree_246,681454.64,1191397.9,13.92,2.3,"green in own ortho, above local DSM minimum; radius from canopy distance transform"
tree_247,681592.64,1191397.65,19.52,6.26,"green in own ortho, above local DSM minimum; radius from canopy distance transform"
tree_248,681499.39,1191396.9,11.17,4.95,"green in own ortho, above local DSM minimum; radius from canopy distance transform"
tree_249,681636.39,1191396.65,25.69,5.01,"green in own ortho, above local DSM minimum; radius from canopy distance transform"
tree_250,681401.39,1191395.15,24.06,2.3,"green in own ortho, above local DSM minimum; radius from canopy distance transform"
tree_251,681596.64,1191394.9,18.64,5.86,"green in own ortho, above local DSM minimum; radius from canopy distance transform"
tree_252,681576.89,1191393.9,20.53,8.0,"green in own ortho, above local DSM minimum; radius from canopy distance transform"
tree_253,681457.89,1191392.9,13.84,1.95,"green in own ortho, above local DSM minimum; radius from canopy distance transform"
tree_254,681616.64,1191392.65,24.39,5.0,"green in own ortho, above local DSM minimum; radius from canopy distance transform"
tree_255,681616.64,1191392.4,24.39,5.0,"green in own ortho, above local DSM minimum; radius from canopy distance transform"
tree_256,681510.39,1191391.9,9.86,3.58,"green in own ortho, above local DSM minimum; radius from canopy distance transform"
tree_257,681629.89,1191390.4,24.84,5.1,"green in own ortho, above local DSM minimum; radius from canopy distance transform"
tree_258,681555.39,1191389.15,13.43,4.45,"green in own ortho, above local DSM minimum; radius from canopy distance transform"
tree_259,681344.39,1191387.9,23.47,3.64,"green in own ortho, above local DSM minimum; radius from canopy distance transform"
tree_260,681474.39,1191387.65,13.61,2.7,"green in own ortho, above local DSM minimum; radius from canopy distance transform"
tree_261,681460.64,1191387.15,13.8,2.37,"green in own ortho, above local DSM minimum; radius from canopy distance transform"
tree_262,681502.14,1191386.65,8.73,4.0,"green in own ortho, above local DSM minimum; radius from canopy distance transform"
tree_263,681502.39,1191386.65,8.74,4.0,"green in own ortho, above local DSM minimum; radius from canopy distance transform"
tree_264,681565.39,1191384.65,13.08,5.32,"green in own ortho, above local DSM minimum; radius from canopy distance transform"
tree_265,681396.14,1191384.4,17.42,6.05,"green in own ortho, above local DSM minimum; radius from canopy distance transform"
tree_266,681332.14,1191383.9,21.05,6.9,"green in own ortho, above local DSM minimum; radius from canopy distance transform"
tree_267,681610.14,1191382.65,24.97,6.32,"green in own ortho, above local DSM minimum; radius from canopy distance transform"
tree_268,681468.39,1191382.15,11.17,2.69,"green in own ortho, above local DSM minimum; radius from canopy distance transform"
tree_269,681444.64,1191378.9,21.06,8.39,"green in own ortho, above local DSM minimum; radius from canopy distance transform"
tree_270,681604.39,1191378.9,26.03,7.2,"green in own ortho, above local DSM minimum; radius from canopy distance transform"
tree_271,681622.39,1191378.15,26.47,4.76,"green in own ortho, above local DSM minimum; radius from canopy distance transform"
tree_272,681616.39,1191375.65,25.78,4.0,"green in own ortho, above local DSM minimum; radius from canopy distance transform"
tree_273,681616.64,1191375.65,25.84,4.0,"green in own ortho, above local DSM minimum; radius from canopy distance transform"
tree_274,681352.89,1191369.4,23.98,1.25,"green in own ortho, above local DSM minimum; radius from canopy distance transform"
tree_275,681352.89,1191369.15,23.93,1.25,"green in own ortho, above local DSM minimum; radius from canopy distance transform"
tree_276,681439.64,1191366.15,17.31,3.75,"green in own ortho, above local DSM minimum; radius from canopy distance transform"
tree_277,681517.64,1191363.9,12.1,3.25,"green in own ortho, above local DSM minimum; radius from canopy distance transform"
tree_278,681517.89,1191363.9,12.1,3.25,"green in own ortho, above local DSM minimum; radius from canopy distance transform"
tree_279,681592.64,1191360.65,29.71,6.5,"green in own ortho, above local DSM minimum; radius from canopy distance transform"
tree_280,681430.39,1191360.4,18.76,5.25,"green in own ortho, above local DSM minimum; radius from canopy distance transform"
tree_281,681430.64,1191360.4,18.76,5.25,"green in own ortho, above local DSM minimum; radius from canopy distance transform"
tree_282,681430.89,1191360.4,18.76,5.25,"green in own ortho, above local DSM minimum; radius from canopy distance transform"
tree_283,681592.64,1191360.4,29.71,6.5,"green in own ortho, above local DSM minimum; radius from canopy distance transform"
tree_284,681592.64,1191360.15,29.71,6.5,"green in own ortho, above local DSM minimum; radius from canopy distance transform"
tree_285,681592.64,1191359.9,29.71,6.5,"green in own ortho, above local DSM minimum; radius from canopy distance transform"
tree_286,681592.64,1191359.65,29.71,6.5,"green in own ortho, above local DSM minimum; radius from canopy distance transform"
tree_287,681373.39,1191359.4,20.62,6.54,"green in own ortho, above local DSM minimum; radius from canopy distance transform"
tree_288,681373.14,1191359.15,20.62,6.54,"green in own ortho, above local DSM minimum; radius from canopy distance transform"
tree_289,681373.39,1191359.15,20.62,6.54,"green in own ortho, above local DSM minimum; radius from canopy distance transform"
tree_290,681607.14,1191359.15,23.04,4.03,"green in own ortho, above local DSM minimum; radius from canopy distance transform"
tree_291,681379.89,1191358.4,20.23,7.46,"green in own ortho, above local DSM minimum; radius from canopy distance transform"
tree_292,681364.39,1191357.65,17.98,5.39,"green in own ortho, above local DSM minimum; radius from canopy distance transform"
tree_293,681582.89,1191357.65,30.6,3.36,"green in own ortho, above local DSM minimum; radius from canopy distance transform"
tree_294,681368.64,1191356.9,20.31,5.86,"green in own ortho, above local DSM minimum; radius from canopy distance transform"
tree_295,681606.64,1191355.4,22.98,3.91,"green in own ortho, above local DSM minimum; radius from canopy distance transform"
tree_296,681572.64,1191355.15,20.82,4.25,"green in own ortho, above local DSM minimum; radius from canopy distance transform"
tree_297,681572.39,1191354.9,20.86,4.25,"green in own ortho, above local DSM minimum; radius from canopy distance transform"
tree_298,681572.64,1191354.9,20.96,4.25,"green in own ortho, above local DSM minimum; radius from canopy distance transform"
tree_299,681356.14,1191353.4,15.44,6.15,"green in own ortho, above local DSM minimum; radius from canopy distance transform"
tree_300,681522.39,1191353.4,4.6,1.46,"green in own ortho, above local DSM minimum; radius from canopy distance transform"
tree_301,681601.89,1191352.65,23.26,4.03,"green in own ortho, above local DSM minimum; radius from canopy distance transform"
tree_302,681554.89,1191350.9,22.24,4.25,"green in own ortho, above local DSM minimum; radius from canopy distance transform"
tree_303,681582.64,1191348.65,30.62,6.05,"green in own ortho, above local DSM minimum; radius from canopy distance transform"
tree_304,681596.64,1191344.15,18.36,3.25,"green in own ortho, above local DSM minimum; radius from canopy distance transform"
tree_305,681374.64,1191343.15,16.19,4.91,"green in own ortho, above local DSM minimum; radius from canopy distance transform"
tree_306,681358.64,1191340.4,17.41,7.79,"green in own ortho, above local DSM minimum; radius from canopy distance transform"
tree_307,681553.64,1191339.9,14.29,3.58,"green in own ortho, above local DSM minimum; radius from canopy distance transform"
tree_308,681387.89,1191338.9,18.1,5.37,"green in own ortho, above local DSM minimum; radius from canopy distance transform"
tree_309,681578.14,1191337.9,24.09,2.0,"green in own ortho, above local DSM minimum; radius from canopy distance transform"
tree_310,681578.39,1191337.9,24.09,2.0,"green in own ortho, above local DSM minimum; radius from canopy distance transform"
tree_311,681578.64,1191337.9,24.08,2.0,"green in own ortho, above local DSM minimum; radius from canopy distance transform"
tree_312,681590.89,1191337.9,16.09,3.51,"green in own ortho, above local DSM minimum; radius from canopy distance transform"
tree_313,681591.14,1191337.9,15.98,3.51,"green in own ortho, above local DSM minimum; radius from canopy distance transform"
tree_314,681578.39,1191337.65,24.09,2.0,"green in own ortho, above local DSM minimum; radius from canopy distance transform"
tree_315,681578.64,1191337.65,24.08,2.0,"green in own ortho, above local DSM minimum; radius from canopy distance transform"
tree_316,681497.89,1191335.9,9.4,4.67,"green in own ortho, above local DSM minimum; radius from canopy distance transform"
tree_317,681544.89,1191334.9,17.13,6.49,"green in own ortho, above local DSM minimum; radius from canopy distance transform"
tree_318,681564.39,1191334.9,24.92,2.75,"green in own ortho, above local DSM minimum; radius from canopy distance transform"
tree_319,681544.89,1191334.65,17.13,6.49,"green in own ortho, above local DSM minimum; radius from canopy distance transform"
tree_320,681563.89,1191334.65,24.96,2.75,"green in own ortho, above local DSM minimum; radius from canopy distance transform"
tree_321,681564.14,1191334.65,24.96,2.75,"green in own ortho, above local DSM minimum; radius from canopy distance transform"
tree_322,681564.39,1191334.65,24.96,2.75,"green in own ortho, above local DSM minimum; radius from canopy distance transform"
tree_323,681382.39,1191333.9,18.85,4.42,"green in own ortho, above local DSM minimum; radius from canopy distance transform"
tree_324,681382.14,1191333.65,18.85,4.42,"green in own ortho, above local DSM minimum; radius from canopy distance transform"
tree_325,681361.64,1191331.65,19.74,7.91,"green in own ortho, above local DSM minimum; radius from canopy distance transform"
tree_326,681529.14,1191329.4,17.34,2.8,"green in own ortho, above local DSM minimum; radius from canopy distance transform"
tree_327,681551.89,1191328.4,20.24,1.27,"green in own ortho, above local DSM minimum; radius from canopy distance transform"
tree_328,681551.89,1191328.15,20.45,1.27,"green in own ortho, above local DSM minimum; radius from canopy distance transform"
tree_329,681359.89,1191324.15,19.21,6.8,"green in own ortho, above local DSM minimum; radius from canopy distance transform"
tree_330,681472.89,1191324.15,16.55,2.14,"green in own ortho, above local DSM minimum; radius from canopy distance transform"
tree_331,681472.89,1191323.9,16.57,2.14,"green in own ortho, above local DSM minimum; radius from canopy distance transform"
tree_332,681534.64,1191323.9,17.3,5.02,"green in own ortho, above local DSM minimum; radius from canopy distance transform"
tree_333,681534.89,1191323.9,17.3,5.02,"green in own ortho, above local DSM minimum; radius from canopy distance transform"
tree_334,681563.14,1191323.65,23.43,4.83,"green in own ortho, above local DSM minimum; radius from canopy distance transform"
tree_335,681548.64,1191323.4,21.17,2.5,"green in own ortho, above local DSM minimum; radius from canopy distance transform"
tree_336,681548.14,1191322.9,20.92,2.5,"green in own ortho, above local DSM minimum; radius from canopy distance transform"
tree_337,681486.89,1191321.4,18.54,7.72,"green in own ortho, above local DSM minimum; radius from canopy distance transform"
tree_338,681473.14,1191321.15,16.64,2.36,"green in own ortho, above local DSM minimum; radius from canopy distance transform"
tree_339,681472.89,1191320.9,16.63,2.36,"green in own ortho, above local DSM minimum; radius from canopy distance transform"
tree_340,681523.39,1191320.9,18.39,6.31,"green in own ortho, above local DSM minimum; radius from canopy distance transform"
tree_341,681531.14,1191320.4,16.71,4.14,"green in own ortho, above local DSM minimum; radius from canopy distance transform"
tree_342,681471.64,1191319.9,16.6,2.36,"green in own ortho, above local DSM minimum; radius from canopy distance transform"
tree_343,681554.64,1191316.65,24.5,1.25,"green in own ortho, above local DSM minimum; radius from canopy distance transform"
tree_344,681374.39,1191313.9,14.4,3.5,"green in own ortho, above local DSM minimum; radius from canopy distance transform"
tree_345,681374.64,1191313.9,14.4,3.5,"green in own ortho, above local DSM minimum; radius from canopy distance transform"
tree_346,681374.89,1191313.9,14.4,3.5,"green in own ortho, above local DSM minimum; radius from canopy distance transform"
tree_347,681375.14,1191313.9,14.39,3.5,"green in own ortho, above local DSM minimum; radius from canopy distance transform"
tree_348,681375.39,1191313.9,14.39,3.5,"green in own ortho, above local DSM minimum; radius from canopy distance transform"
tree_349,681375.64,1191313.9,14.39,3.5,"green in own ortho, above local DSM minimum; radius from canopy distance transform"
tree_350,681375.89,1191313.9,14.39,3.5,"green in own ortho, above local DSM minimum; radius from canopy distance transform"
tree_351,681376.14,1191313.9,14.39,3.5,"green in own ortho, above local DSM minimum; radius from canopy distance transform"
tree_352,681376.39,1191313.9,14.39,3.5,"green in own ortho, above local DSM minimum; radius from canopy distance transform"
tree_353,681376.64,1191313.9,14.39,3.5,"green in own ortho, above local DSM minimum; radius from canopy distance transform"
tree_354,681570.39,1191313.4,17.49,3.82,"green in own ortho, above local DSM minimum; radius from canopy distance transform"
tree_355,681368.14,1191312.4,14.58,3.88,"green in own ortho, above local DSM minimum; radius from canopy distance transform"
tree_356,681482.39,1191311.65,15.64,3.16,"green in own ortho, above local DSM minimum; radius from canopy distance transform"
tree_357,681464.39,1191311.4,13.21,4.56,"green in own ortho, above local DSM minimum; radius from canopy distance transform"
tree_358,681489.39,1191309.15,15.87,4.14,"green in own ortho, above local DSM minimum; radius from canopy distance transform"
tree_359,681334.64,1191308.4,14.34,4.04,"green in own ortho, above local DSM minimum; radius from canopy distance transform"
tree_360,681361.64,1191308.4,14.32,5.0,"green in own ortho, above local DSM minimum; radius from canopy distance transform"
tree_361,681361.89,1191308.4,14.33,5.0,"green in own ortho, above local DSM minimum; radius from canopy distance transform"
tree_362,681543.89,1191308.15,27.16,6.5,"green in own ortho, above local DSM minimum; radius from canopy distance transform"
tree_363,681565.64,1191306.4,15.59,2.3,"green in own ortho, above local DSM minimum; radius from canopy distance transform"
tree_364,681508.64,1191305.65,18.43,6.8,"green in own ortho, above local DSM minimum; radius from canopy distance transform"
tree_365,681383.14,1191305.4,13.89,4.0,"green in own ortho, above local DSM minimum; radius from canopy distance transform"
tree_366,681452.14,1191304.9,12.93,4.27,"green in own ortho, above local DSM minimum; radius from canopy distance transform"
tree_367,681494.14,1191304.9,12.96,5.15,"green in own ortho, above local DSM minimum; radius from canopy distance transform"
tree_368,681593.39,1191303.15,7.92,1.52,"green in own ortho, above local DSM minimum; radius from canopy distance transform"
tree_369,681596.39,1191302.4,8.42,1.25,"green in own ortho, above local DSM minimum; radius from canopy distance transform"
tree_370,681539.64,1191302.15,28.08,5.94,"green in own ortho, above local DSM minimum; radius from canopy distance transform"
tree_371,681539.64,1191301.9,28.08,5.94,"green in own ortho, above local DSM minimum; radius from canopy distance transform"
tree_372,681347.64,1191301.4,14.47,4.37,"green in own ortho, above local DSM minimum; radius from canopy distance transform"
tree_373,681539.39,1191301.15,28.08,5.94,"green in own ortho, above local DSM minimum; radius from canopy distance transform"
tree_374,681473.89,1191300.65,12.02,5.15,"green in own ortho, above local DSM minimum; radius from canopy distance transform"
tree_375,681486.64,1191299.65,10.67,1.25,"green in own ortho, above local DSM minimum; radius from canopy distance transform"
tree_376,681386.64,1191299.4,14.62,2.46,"green in own ortho, above local DSM minimum; radius from canopy distance transform"
tree_377,681555.89,1191299.4,27.91,3.72,"green in own ortho, above local DSM minimum; radius from canopy distance transform"
tree_378,681338.89,1191298.15,14.55,4.7,"green in own ortho, above local DSM minimum; radius from canopy distance transform"
tree_379,681497.64,1191295.9,17.86,4.5,"green in own ortho, above local DSM minimum; radius from canopy distance transform"
tree_380,681435.64,1191294.15,11.81,4.83,"green in own ortho, above local DSM minimum; radius from canopy distance transform"
tree_381,681382.64,1191293.15,14.91,3.91,"green in own ortho, above local DSM minimum; radius from canopy distance transform"
tree_382,681430.89,1191292.4,12.05,4.74,"green in own ortho, above local DSM minimum; radius from canopy distance transform"
tree_383,681431.14,1191292.4,12.05,4.74,"green in own ortho, above local DSM minimum; radius from canopy distance transform"
tree_384,681457.89,1191292.15,12.65,4.92,"green in own ortho, above local DSM minimum; radius from canopy distance transform"
tree_385,681457.89,1191291.9,12.65,4.92,"green in own ortho, above local DSM minimum; radius from canopy distance transform"
tree_386,681556.14,1191291.9,26.73,2.5,"green in own ortho, above local DSM minimum; radius from canopy distance transform"
tree_387,681556.39,1191291.65,26.65,2.5,"green in own ortho, above local DSM minimum; radius from canopy distance transform"
tree_388,681468.64,1191290.4,13.0,4.42,"green in own ortho, above local DSM minimum; radius from canopy distance transform"
tree_389,681373.64,1191288.4,15.0,4.42,"green in own ortho, above local DSM minimum; radius from canopy distance transform"
tree_390,681484.39,1191287.9,23.11,4.12,"green in own ortho, above local DSM minimum; radius from canopy distance transform"
tree_391,681367.89,1191287.65,14.47,4.26,"green in own ortho, above local DSM minimum; radius from canopy distance transform"
tree_392,681368.14,1191287.65,14.53,4.26,"green in own ortho, above local DSM minimum; radius from canopy distance transform"
tree_393,681392.14,1191285.4,14.64,5.32,"green in own ortho, above local DSM minimum; radius from canopy distance transform"
tree_394,681418.64,1191285.4,14.04,5.71,"green in own ortho, above local DSM minimum; radius from canopy distance transform"
tree_395,681517.14,1191283.4,26.16,6.04,"green in own ortho, above local DSM minimum; radius from canopy distance transform"
tree_396,681355.89,1191282.4,14.27,4.75,"green in own ortho, above local DSM minimum; radius from canopy distance transform"
tree_397,681356.14,1191282.4,14.27,4.75,"green in own ortho, above local DSM minimum; radius from canopy distance transform"
tree_398,681440.39,1191282.4,12.51,5.06,"green in own ortho, above local DSM minimum; radius from canopy distance transform"
tree_399,681350.39,1191280.65,14.09,3.69,"green in own ortho, above local DSM minimum; radius from canopy distance transform"
tree_400,681412.89,1191280.4,13.72,4.37,"green in own ortho, above local DSM minimum; radius from canopy distance transform"
tree_401,681535.39,1191279.4,19.75,4.24,"green in own ortho, above local DSM minimum; radius from canopy distance transform"
tree_402,681434.89,1191279.15,9.85,4.47,"green in own ortho, above local DSM minimum; radius from canopy distance transform"
tree_403,681492.14,1191277.15,9.14,2.55,"green in own ortho, above local DSM minimum; radius from canopy distance transform"
tree_404,681379.64,1191276.65,14.48,4.43,"green in own ortho, above local DSM minimum; radius from canopy distance transform"
tree_405,681505.64,1191272.9,28.48,6.02,"green in own ortho, above local DSM minimum; radius from canopy distance transform"
tree_406,681341.14,1191272.4,15.39,5.25,"green in own ortho, above local DSM minimum; radius from canopy distance transform"
tree_407,681525.39,1191270.9,27.23,5.7,"green in own ortho, above local DSM minimum; radius from canopy distance transform"
tree_408,681529.64,1191270.65,27.09,5.5,"green in own ortho, above local DSM minimum; radius from canopy distance transform"
tree_409,681499.39,1191269.4,26.62,4.03,"green in own ortho, above local DSM minimum; radius from canopy distance transform"
tree_410,681419.14,1191268.4,13.42,4.0,"green in own ortho, above local DSM minimum; radius from canopy distance transform"
tree_411,681464.39,1191266.9,8.72,1.25,"green in own ortho, above local DSM minimum; radius from canopy distance transform"
tree_412,681452.14,1191264.4,11.32,3.35,"green in own ortho, above local DSM minimum; radius from canopy distance transform"
tree_413,681451.64,1191264.15,11.32,3.35,"green in own ortho, above local DSM minimum; radius from canopy distance transform"
tree_414,681451.39,1191263.9,11.32,3.35,"green in own ortho, above local DSM minimum; radius from canopy distance transform"
tree_415,681517.64,1191262.9,29.24,6.02,"green in own ortho, above local DSM minimum; radius from canopy distance transform"
tree_416,681517.64,1191262.65,29.24,6.02,"green in own ortho, above local DSM minimum; radius from canopy distance transform"
tree_417,681492.64,1191259.4,26.06,6.56,"green in own ortho, above local DSM minimum; radius from canopy distance transform"
tree_418,681492.64,1191259.15,26.06,6.56,"green in own ortho, above local DSM minimum; radius from canopy distance transform"
tree_419,681489.14,1191257.4,26.07,6.37,"green in own ortho, above local DSM minimum; radius from canopy distance transform"
tree_420,681489.39,1191257.4,26.06,6.37,"green in own ortho, above local DSM minimum; radius from canopy distance transform"
tree_421,681387.39,1191256.65,11.41,3.4,"green in own ortho, above local DSM minimum; radius from canopy distance transform"
tree_422,681444.89,1191254.15,13.17,5.76,"green in own ortho, above local DSM minimum; radius from canopy distance transform"
tree_423,681484.64,1191252.4,26.25,6.49,"green in own ortho, above local DSM minimum; radius from canopy distance transform"
tree_424,681391.89,1191250.4,11.46,4.3,"green in own ortho, above local DSM minimum; radius from canopy distance transform"
tree_425,681435.64,1191248.9,14.11,7.27,"green in own ortho, above local DSM minimum; radius from canopy distance transform"
tree_426,681423.14,1191243.4,14.99,4.37,"green in own ortho, above local DSM minimum; radius from canopy distance transform"
tree_427,681423.39,1191243.15,14.97,4.37,"green in own ortho, above local DSM minimum; radius from canopy distance transform"
tree_428,681544.89,1191243.15,20.12,2.06,"green in own ortho, above local DSM minimum; radius from canopy distance transform"
tree_429,681475.14,1191242.15,29.05,5.27,"green in own ortho, above local DSM minimum; radius from canopy distance transform"
tree_430,681474.89,1191241.65,29.05,5.27,"green in own ortho, above local DSM minimum; radius from canopy distance transform"
tree_431,681490.89,1191239.15,25.02,6.32,"green in own ortho, above local DSM minimum; radius from canopy distance transform"
tree_432,681465.14,1191235.9,27.0,7.08,"green in own ortho, above local DSM minimum; radius from canopy distance transform"
tree_433,681487.14,1191235.15,26.28,6.25,"green in own ortho, above local DSM minimum; radius from canopy distance transform"
tree_434,681487.39,1191235.15,25.89,6.25,"green in own ortho, above local DSM minimum; radius from canopy distance transform"
tree_435,681451.64,1191222.15,24.22,6.13,"green in own ortho, above local DSM minimum; radius from canopy distance transform"
tree_436,681477.14,1191222.15,30.71,3.72,"green in own ortho, above local DSM minimum; radius from canopy distance transform"
tree_437,681470.64,1191219.65,26.24,3.47,"green in own ortho, above local DSM minimum; radius from canopy distance transform"
tree_438,681482.64,1191217.15,25.0,1.75,"green in own ortho, above local DSM minimum; radius from canopy distance transform"
tree_439,681514.39,1191215.4,12.72,4.25,"green in own ortho, above local DSM minimum; radius from canopy distance transform"
tree_440,681514.64,1191215.4,12.72,4.25,"green in own ortho, above local DSM minimum; radius from canopy distance transform"
tree_441,681514.89,1191215.4,12.72,4.25,"green in own ortho, above local DSM minimum; radius from canopy distance transform"
tree_442,681515.14,1191215.4,12.72,4.25,"green in own ortho, above local DSM minimum; radius from canopy distance transform"
tree_443,681515.39,1191215.4,12.72,4.25,"green in own ortho, above local DSM minimum; radius from canopy distance transform"
tree_444,681464.39,1191214.15,25.87,4.78,"green in own ortho, above local DSM minimum; radius from canopy distance transform"
tree_445,681441.14,1191212.4,25.56,4.75,"green in own ortho, above local DSM minimum; radius from canopy distance transform"
tree_446,681441.39,1191212.4,25.56,4.75,"green in own ortho, above local DSM minimum; radius from canopy distance transform"
tree_447,681459.89,1191208.9,23.95,5.25,"green in own ortho, above local DSM minimum; radius from canopy distance transform"
tree_448,681453.64,1191205.65,25.42,5.59,"green in own ortho, above local DSM minimum; radius from canopy distance transform"
tree_449,681453.14,1191205.4,25.42,5.59,"green in own ortho, above local DSM minimum; radius from canopy distance transform"
tree_450,681429.39,1191200.15,24.69,5.22,"green in own ortho, above local DSM minimum; radius from canopy distance transform"
tree_451,681423.89,1191195.9,26.03,5.75,"green in own ortho, above local DSM minimum; radius from canopy distance transform"
tree_452,681444.14,1191194.65,26.71,6.18,"green in own ortho, above local DSM minimum; radius from canopy distance transform"
tree_453,681408.14,1191191.15,24.5,8.17,"green in own ortho, above local DSM minimum; radius from canopy distance transform"
tree_454,681407.39,1191190.9,23.99,8.17,"green in own ortho, above local DSM minimum; radius from canopy distance transform"
tree_455,681438.39,1191190.9,28.06,5.5,"green in own ortho, above local DSM minimum; radius from canopy distance transform"
tree_456,681432.64,1191181.65,25.36,4.75,"green in own ortho, above local DSM minimum; radius from canopy distance transform"
tree_457,681432.64,1191181.4,25.21,4.75,"green in own ortho, above local DSM minimum; radius from canopy distance transform"
tree_458,681442.89,1191181.4,24.02,1.9,"green in own ortho, above local DSM minimum; radius from canopy distance transform"
tree_459,681421.89,1191174.65,21.44,5.9,"green in own ortho, above local DSM minimum; radius from canopy distance transform"
